{
   "numVehicles": [
      15,
      17,
      12,
      10,
      13,
      11,
      13,
      16,
      19,
      10,
      13,
      15,
      11,
      15,
      19,
      14,
      18,
      17,
      10,
      19,
      17,
      12,
      12,
      13,
      19,
      19,
      18,
      13,
      13,
      12,
      11,
      14,
      13,
      18,
      12,
      14,
      14,
      16,
      16,
      19,
      10,
      10,
      14,
      12,
      19,
      12,
      17,
      12,
      15,
      19
   ],
   "collisionsPerVel": [
      0.06666666666666667,
      0.0,
      0.0,
      0.0,
      0.0,
      1.4545454545454546,
      0.0,
      2.5625,
      0.0,
      0.0,
      0.0,
      0.0,
      0.09090909090909091,
      0.0,
      8.368421052631579,
      3.2857142857142856,
      7.666666666666667,
      6.588235294117647,
      1.7,
      0.0,
      4.823529411764706,
      0.0,
      4.916666666666667,
      1.2307692307692308,
      2.4210526315789473,
      0.0,
      0.0,
      0.0,
      0.0,
      0.0,
      0.0,
      5.5,
      0.0,
      8.11111111111111,
      0.0,
      0.0,
      0.0,
      0.0,
      0.0,
      8.526315789473685,
      1.2,
      4.2,
      0.21428571428571427,
      0.0,
      0.15789473684210525,
      1.9166666666666667,
      0.0,
      0.5,
      0.0,
      0.42105263157894735
   ],
   "collisionRange": [
      29.84,
      97.96,
      76.65,
      60.4,
      47.47,
      18.49,
      96.28,
      15.22,
      45.21,
      55.63,
      72.15,
      63.06,
      32.37,
      94.45,
      6.08,
      14.41,
      5.47,
      12.42,
      15.83,
      35.35,
      12.38,
      92.1,
      2.4,
      19.95,
      16.05,
      81.57,
      52.08,
      74.34,
      89.95,
      96.68,
      61.22,
      6.43,
      39.01,
      5.14,
      37.4,
      55.59,
      55.17,
      36.39,
      31.08,
      0.14,
      19.79,
      10.12,
      23.37,
      48.29,
      24.98,
      17.94,
      84.24,
      22.99,
      49.81,
      21.35
   ]
}